day,hour,value
5,21,3075
7,8,9507
7,10,7466
4,18,4352
6,16,8991
4,8,16729
1,19,5826
4,1,1611
1,13,8308
6,8,8490
1,9,16097
2,17,7037
7,4,1025
5,17,3786
4,12,5618
5,22,5886
7,5,4526
1,7,3828
7,22,1352
3,17,2923
4,20,4215
6,17,5827
1,16,7639
3,1,2210
3,10,9144
6,18,5410
6,13,3787
4,2,450
2,10,12780
6,12,4530
6,4,1898
1,5,1400
3,8,10072
1,6,1112
5,16,2206
6,14,5983
6,21,5065
6,19,3924
5,19,7860
7,12,5097
2,12,5392
5,20,7653
2,19,4663
2,3,801
5,6,5212
7,3,2369
7,20,4717
7,16,3456
4,11,5637
1,11,2648
1,22,3257
3,11,15406
6,3,1729
3,20,5215
4,24,1576
5,2,2677
5,5,928
3,6,3174
6,24,1630
4,3,2066
4,5,4553
6,11,7917
2,18,4847
2,6,8701
6,9,11117
2,9,15366
1,2,1898
1,10,9849
1,4,1243
2,22,1781
5,18,8630
7,23,2213
4,22,2887
4,6,1158
2,1,1016
5,10,13686
2,8,10684
5,7,3550
4,10,11439
2,14,4612
3,21,6075
4,9,14796
2,7,3547
4,19,5900
2,21,1832
6,5,533
3,7,8113
3,16,5726
5,23,1628
2,4,2180
1,21,1157
7,11,4779
3,14,8118
1,17,7748
6,1,1264
3,13,4661
7,6,1891
7,7,1431
6,15,7151
5,8,6128
3,12,10023
7,13,4684
4,7,4419
1,23,1154
2,2,1589
5,3,710
4,21,2894
4,16,4188
6,7,11100
1,18,7791
1,12,3392
3,9,5744
6,20,1181
2,16,1513
5,11,5303
5,13,5831
4,15,7761
4,4,1937
7,19,7042
7,18,5979
1,8,3602
1,3,1495
3,19,4553
6,2,886
5,24,2222
1,15,4483
2,5,3073
7,17,6443
5,12,7158
3,3,2438
2,13,5965
6,10,8534
4,13,6834
5,14,10657
1,24,1218
7,21,3327
5,4,1897
7,2,2729
2,20,5608
7,1,1609
7,9,4997
3,4,1611
1,14,8068
5,1,1101
3,18,5777
4,14,4318
4,23,5674
6,6,2771
3,5,3029
7,15,4569
2,23,3266
1,1,1581
3,23,3814
2,15,5798
5,15,3119
5,9,9535
4,17,7291
2,11,10430
1,20,7314
7,14,5203
3,15,7545
6,23,2796
